company,update_date,pdf_report
株式会社ダイサン,2022-07-06 15:50:00,https://disclosure.edinet-fsa.go.jp/E01EW/download?1657104034263&uji.bean=ee.bean.parent.EECommonSearchBean&uji.verb=W0EZA104CXP001003Action&SESSIONKEY=1657104033857&s=S100OO5M
三菱ＵＦＪ／マッコーリー　オーストラリア・ハイインカム債券ファンド　豪ドル円プレミアム（毎月決算型）,2022-07-06 09:22:00,https://disclosure.edinet-fsa.go.jp/E01EW/download?1657104034264&uji.bean=ee.bean.parent.EECommonSearchBean&uji.verb=W0EZA104CXP001003Action&SESSIONKEY=1657104033857&s=S100O7JQ
三菱ＵＦＪ／マッコーリー　オーストラリア・ハイインカム債券ファンド（毎月決算型）,2022-07-06 09:17:00,https://disclosure.edinet-fsa.go.jp/E01EW/download?1657104034264&uji.bean=ee.bean.parent.EECommonSearchBean&uji.verb=W0EZA104CXP001003Action&SESSIONKEY=1657104033857&s=S100O7JU
アメリカン・ニュー・ステージ・オープン,2022-07-06 09:15:00,https://disclosure.edinet-fsa.go.jp/E01EW/download?1657104034264&uji.bean=ee.bean.parent.EECommonSearchBean&uji.verb=W0EZA104CXP001003Action&SESSIONKEY=1657104033857&s=S100O79P
ワールド・リート・セレクション（アジア）／ワールド・リート・セレクション（アジア）（年２回決算型）,2022-07-06 09:09:00,https://disclosure.edinet-fsa.go.jp/E01EW/download?1657104034264&uji.bean=ee.bean.parent.EECommonSearchBean&uji.verb=W0EZA104CXP001003Action&SESSIONKEY=1657104033857&s=S100NX41
日本好配当利回り株オープン（３ヵ月決算型）,2022-07-06 09:08:00,https://disclosure.edinet-fsa.go.jp/E01EW/download?1657104034264&uji.bean=ee.bean.parent.EECommonSearchBean&uji.verb=W0EZA104CXP001003Action&SESSIONKEY=1657104033857&s=S100O46Z
好配当日本株ファンド（ラップ向け）,2022-07-06 09:06:00,https://disclosure.edinet-fsa.go.jp/E01EW/download?1657104034265&uji.bean=ee.bean.parent.EECommonSearchBean&uji.verb=W0EZA104CXP001003Action&SESSIONKEY=1657104033857&s=S100O675
ＨＳＢＣオルタナティブ・バランス・ファンド,2022-07-06 09:06:00,https://disclosure.edinet-fsa.go.jp/E01EW/download?1657104034265&uji.bean=ee.bean.parent.EECommonSearchBean&uji.verb=W0EZA104CXP001003Action&SESSIONKEY=1657104033857&s=S100O883
ダイワ・グローバルＩｏＴ関連株ファンド　－ＡＩ新時代－（為替ヘッジあり／為替ヘッジなし）,2022-07-06 09:04:00,https://disclosure.edinet-fsa.go.jp/E01EW/download?1657104034265&uji.bean=ee.bean.parent.EECommonSearchBean&uji.verb=W0EZA104CXP001003Action&SESSIONKEY=1657104033857&s=S100OF5H
日本優良成長株オープン（米ドル投資型）、日本優良成長株オープン（円投資型）,2022-07-05 09:34:00,https://disclosure.edinet-fsa.go.jp/E01EW/download?1657104034266&uji.bean=ee.bean.parent.EECommonSearchBean&uji.verb=W0EZA104CXP001003Action&SESSIONKEY=1657104033857&s=S100NX3Z
バリュー・ボンド・ファンド＜為替リスク軽減型＞／＜為替ヘッジなし＞（年１回決算型）,2022-07-05 09:21:00,https://disclosure.edinet-fsa.go.jp/E01EW/download?1657104034266&uji.bean=ee.bean.parent.EECommonSearchBean&uji.verb=W0EZA104CXP001003Action&SESSIONKEY=1657104033857&s=S100O69G
バリュー・ボンド・ファンド＜為替リスク軽減型＞／＜為替ヘッジなし＞（毎月決算型）,2022-07-05 09:20:00,https://disclosure.edinet-fsa.go.jp/E01EW/download?1657104034266&uji.bean=ee.bean.parent.EECommonSearchBean&uji.verb=W0EZA104CXP001003Action&SESSIONKEY=1657104033857&s=S100O69E
ニッセイ日本勝ち組ファンド（３ヵ月決算型）,2022-07-05 09:18:00,https://disclosure.edinet-fsa.go.jp/E01EW/download?1657104034266&uji.bean=ee.bean.parent.EECommonSearchBean&uji.verb=W0EZA104CXP001003Action&SESSIONKEY=1657104033857&s=S100OLG8
ＳＭＤＡＭ　トピックス上場投信,2022-07-05 09:12:00,https://disclosure.edinet-fsa.go.jp/E01EW/download?1657104034266&uji.bean=ee.bean.parent.EECommonSearchBean&uji.verb=W0EZA104CXP001003Action&SESSIONKEY=1657104033857&s=S100O4PG
ダイワ米国高金利社債ファンド（通貨選択型）：米ドル・コース（毎月分配型）、豪ドル・コース（毎月分配型）、ブラジル・レアル・コース（毎月分配型）、日本円・コース（毎月分配型）、南アフリカ・ランド・コース（毎月分配型）、トルコ・リラ・コース（毎月分配型）、通貨セレクト・コース（毎月分配型）,2022-07-05 09:09:00,https://disclosure.edinet-fsa.go.jp/E01EW/download?1657104034266&uji.bean=ee.bean.parent.EECommonSearchBean&uji.verb=W0EZA104CXP001003Action&SESSIONKEY=1657104033857&s=S100OF3F
ＳＭＤＡＭ　日経２２５上場投信,2022-07-05 09:07:00,https://disclosure.edinet-fsa.go.jp/E01EW/download?1657104034266&uji.bean=ee.bean.parent.EECommonSearchBean&uji.verb=W0EZA104CXP001003Action&SESSIONKEY=1657104033857&s=S100OB64
ダイワ・インド株式オープン　－ガンジスの恵み－,2022-07-05 09:06:00,https://disclosure.edinet-fsa.go.jp/E01EW/download?1657104034266&uji.bean=ee.bean.parent.EECommonSearchBean&uji.verb=W0EZA104CXP001003Action&SESSIONKEY=1657104033857&s=S100OBP4
マンＡＨＬスマート・レバレッジ戦略ファンド,2022-07-05 09:04:00,https://disclosure.edinet-fsa.go.jp/E01EW/download?1657104034266&uji.bean=ee.bean.parent.EECommonSearchBean&uji.verb=W0EZA104CXP001003Action&SESSIONKEY=1657104033857&s=S100OBFA
日本好配当株オープン,2022-07-05 09:03:00,https://disclosure.edinet-fsa.go.jp/E01EW/download?1657104034267&uji.bean=ee.bean.parent.EECommonSearchBean&uji.verb=W0EZA104CXP001003Action&SESSIONKEY=1657104033857&s=S100O3X2
ＤＣ日本株式ＥＳＧセレクト・リーダーズインデックスファンド,2022-07-05 09:01:00,https://disclosure.edinet-fsa.go.jp/E01EW/download?1657104034267&uji.bean=ee.bean.parent.EECommonSearchBean&uji.verb=W0EZA104CXP001003Action&SESSIONKEY=1657104033857&s=S100O6M6
ＤＩＡＭ新興国ソブリンオープン通貨選択シリーズ,2022-07-05 09:01:00,https://disclosure.edinet-fsa.go.jp/E01EW/download?1657104034267&uji.bean=ee.bean.parent.EECommonSearchBean&uji.verb=W0EZA104CXP001003Action&SESSIONKEY=1657104033857&s=S100OHTI
ブラジル高配当株オープン（毎月決算型）,2022-07-05 09:00:00,https://disclosure.edinet-fsa.go.jp/E01EW/download?1657104034267&uji.bean=ee.bean.parent.EECommonSearchBean&uji.verb=W0EZA104CXP001003Action&SESSIONKEY=1657104033857&s=S100NZRK
トヨタ　ファイナンス　オーストラリア　リミテッド,2022-07-04 15:37:00,https://disclosure.edinet-fsa.go.jp/E01EW/download?1657104034267&uji.bean=ee.bean.parent.EECommonSearchBean&uji.verb=W0EZA104CXP001003Action&SESSIONKEY=1657104033857&s=S100OH4H
トヨタ　モーター　クレジット　コーポレーション,2022-07-04 10:35:00,https://disclosure.edinet-fsa.go.jp/E01EW/download?1657104034268&uji.bean=ee.bean.parent.EECommonSearchBean&uji.verb=W0EZA104CXP001003Action&SESSIONKEY=1657104033857&s=S100OAUN
ＪＰＸ日経４００プラスにいがた・アクティブ,2022-07-04 09:10:00,https://disclosure.edinet-fsa.go.jp/E01EW/download?1657104034268&uji.bean=ee.bean.parent.EECommonSearchBean&uji.verb=W0EZA104CXP001003Action&SESSIONKEY=1657104033857&s=S100NWDE
ワールド・アクティブ・ボンド・オープン（為替ヘッジあり）,2022-07-04 09:10:00,https://disclosure.edinet-fsa.go.jp/E01EW/download?1657104034268&uji.bean=ee.bean.parent.EECommonSearchBean&uji.verb=W0EZA104CXP001003Action&SESSIONKEY=1657104033857&s=S100OAXI
地方創生日本株ファンド,2022-07-04 09:07:00,https://disclosure.edinet-fsa.go.jp/E01EW/download?1657104034268&uji.bean=ee.bean.parent.EECommonSearchBean&uji.verb=W0EZA104CXP001003Action&SESSIONKEY=1657104033857&s=S100OAX3
イノベーティブ・カーボンニュートラル戦略ファンド,2022-07-04 09:05:00,https://disclosure.edinet-fsa.go.jp/E01EW/download?1657104034269&uji.bean=ee.bean.parent.EECommonSearchBean&uji.verb=W0EZA104CXP001003Action&SESSIONKEY=1657104033857&s=S100O6CW
四国アライアンス　地域創生ファンド（年２回決算型）,2022-07-04 09:04:00,https://disclosure.edinet-fsa.go.jp/E01EW/download?1657104034269&uji.bean=ee.bean.parent.EECommonSearchBean&uji.verb=W0EZA104CXP001003Action&SESSIONKEY=1657104033857&s=S100OB27
短期豪ドル債オープン（年２回決算型）,2022-07-04 09:03:00,https://disclosure.edinet-fsa.go.jp/E01EW/download?1657104034269&uji.bean=ee.bean.parent.EECommonSearchBean&uji.verb=W0EZA104CXP001003Action&SESSIONKEY=1657104033857&s=S100O3WX
短期豪ドル債オープン（毎月分配型）,2022-07-04 09:01:00,https://disclosure.edinet-fsa.go.jp/E01EW/download?1657104034269&uji.bean=ee.bean.parent.EECommonSearchBean&uji.verb=W0EZA104CXP001003Action&SESSIONKEY=1657104033857&s=S100O6CH
四国アライアンス　地域創生ファンド（年１回決算型）,2022-07-04 09:01:00,https://disclosure.edinet-fsa.go.jp/E01EW/download?1657104034269&uji.bean=ee.bean.parent.EECommonSearchBean&uji.verb=W0EZA104CXP001003Action&SESSIONKEY=1657104033857&s=S100OB0A
ｉＦｒｅｅＥＴＦ　ＴＯＰＩＸ（年４回決算型）,2022-07-01 09:09:00,https://disclosure.edinet-fsa.go.jp/E01EW/download?1657104034270&uji.bean=ee.bean.parent.EECommonSearchBean&uji.verb=W0EZA104CXP001003Action&SESSIONKEY=1657104033857&s=S100OB1Q
ｉＦｒｅｅＥＴＦ　日経２２５（年４回決算型）,2022-07-01 09:05:00,https://disclosure.edinet-fsa.go.jp/E01EW/download?1657104034270&uji.bean=ee.bean.parent.EECommonSearchBean&uji.verb=W0EZA104CXP001003Action&SESSIONKEY=1657104033857&s=S100OB1O
ブラックロック・ラテンアメリカ株式ファンド,2022-07-01 09:02:00,https://disclosure.edinet-fsa.go.jp/E01EW/download?1657104034270&uji.bean=ee.bean.parent.EECommonSearchBean&uji.verb=W0EZA104CXP001003Action&SESSIONKEY=1657104033857&s=S100OGXO
マミヤ・オーピー株式会社,2022-07-01 09:01:00,https://disclosure.edinet-fsa.go.jp/E01EW/download?1657104034271&uji.bean=ee.bean.parent.EECommonSearchBean&uji.verb=W0EZA104CXP001003Action&SESSIONKEY=1657104033857&s=S100OMWX
モンクレール・エスピーエー,2022-07-01 09:01:00,https://disclosure.edinet-fsa.go.jp/E01EW/download?1657104034271&uji.bean=ee.bean.parent.EECommonSearchBean&uji.verb=W0EZA104CXP001003Action&SESSIONKEY=1657104033857&s=S100OMXV
中外鉱業株式会社,2022-06-30 17:05:00,https://disclosure.edinet-fsa.go.jp/E01EW/download?1657104034271&uji.bean=ee.bean.parent.EECommonSearchBean&uji.verb=W0EZA104CXP001003Action&SESSIONKEY=1657104033857&s=S100OMWY
株式会社光通信,2022-06-30 16:58:00,https://disclosure.edinet-fsa.go.jp/E01EW/download?1657104034271&uji.bean=ee.bean.parent.EECommonSearchBean&uji.verb=W0EZA104CXP001003Action&SESSIONKEY=1657104033857&s=S100OMS7
パス株式会社,2022-06-30 16:57:00,https://disclosure.edinet-fsa.go.jp/E01EW/download?1657104034272&uji.bean=ee.bean.parent.EECommonSearchBean&uji.verb=W0EZA104CXP001003Action&SESSIONKEY=1657104033857&s=S100OMWF
株式会社北弘電社,2022-06-30 16:57:00,https://disclosure.edinet-fsa.go.jp/E01EW/download?1657104034272&uji.bean=ee.bean.parent.EECommonSearchBean&uji.verb=W0EZA104CXP001003Action&SESSIONKEY=1657104033857&s=S100OMGQ
イーティーエフエスメタルセキュリティーズリミテッド,2022-06-30 16:50:00,https://disclosure.edinet-fsa.go.jp/E01EW/download?1657104034272&uji.bean=ee.bean.parent.EECommonSearchBean&uji.verb=W0EZA104CXP001003Action&SESSIONKEY=1657104033857&s=S100OMOT
武蔵野興業株式会社,2022-06-30 16:48:00,https://disclosure.edinet-fsa.go.jp/E01EW/download?1657104034272&uji.bean=ee.bean.parent.EECommonSearchBean&uji.verb=W0EZA104CXP001003Action&SESSIONKEY=1657104033857&s=S100OMVP
大東建託株式会社,2022-06-30 16:43:00,https://disclosure.edinet-fsa.go.jp/E01EW/download?1657104034272&uji.bean=ee.bean.parent.EECommonSearchBean&uji.verb=W0EZA104CXP001003Action&SESSIONKEY=1657104033857&s=S100OMN8
株式会社コンヴァノ,2022-06-30 16:41:00,https://disclosure.edinet-fsa.go.jp/E01EW/download?1657104034272&uji.bean=ee.bean.parent.EECommonSearchBean&uji.verb=W0EZA104CXP001003Action&SESSIONKEY=1657104033857&s=S100OMMB
ユー・エム・シー・エレクトロニクス株式会社,2022-06-30 16:35:00,https://disclosure.edinet-fsa.go.jp/E01EW/download?1657104034272&uji.bean=ee.bean.parent.EECommonSearchBean&uji.verb=W0EZA104CXP001003Action&SESSIONKEY=1657104033857&s=S100OMNF
株式会社焼肉坂井ホールディングス,2022-06-30 16:32:00,https://disclosure.edinet-fsa.go.jp/E01EW/download?1657104034272&uji.bean=ee.bean.parent.EECommonSearchBean&uji.verb=W0EZA104CXP001003Action&SESSIONKEY=1657104033857&s=S100OLID
ヒロセ通商株式会社,2022-06-30 16:32:00,https://disclosure.edinet-fsa.go.jp/E01EW/download?1657104034272&uji.bean=ee.bean.parent.EECommonSearchBean&uji.verb=W0EZA104CXP001003Action&SESSIONKEY=1657104033857&s=S100OL9L
株式会社　進学会ホールディングス,2022-06-30 16:26:00,https://disclosure.edinet-fsa.go.jp/E01EW/download?1657104034272&uji.bean=ee.bean.parent.EECommonSearchBean&uji.verb=W0EZA104CXP001003Action&SESSIONKEY=1657104033857&s=S100OMA2
ＩＮＥＳＴ株式会社,2022-06-30 16:26:00,https://disclosure.edinet-fsa.go.jp/E01EW/download?1657104034272&uji.bean=ee.bean.parent.EECommonSearchBean&uji.verb=W0EZA104CXP001003Action&SESSIONKEY=1657104033857&s=S100OMU9
ドイツポスト・アーゲー,2022-06-30 16:25:00,https://disclosure.edinet-fsa.go.jp/E01EW/download?1657104034273&uji.bean=ee.bean.parent.EECommonSearchBean&uji.verb=W0EZA104CXP001003Action&SESSIONKEY=1657104033857&s=S100OMTF
スターゼン株式会社,2022-06-30 16:25:00,https://disclosure.edinet-fsa.go.jp/E01EW/download?1657104040224&uji.bean=ee.bean.parent.EECommonSearchBean&uji.verb=W0EZA104CXP001003Action&SESSIONKEY=1657104039872&s=S100OM8Q
ＩＴｂｏｏｋホールディングス株式会社,2022-06-30 16:25:00,https://disclosure.edinet-fsa.go.jp/E01EW/download?1657104040224&uji.bean=ee.bean.parent.EECommonSearchBean&uji.verb=W0EZA104CXP001003Action&SESSIONKEY=1657104039872&s=S100OM9B
ネクストウェア株式会社,2022-06-30 16:20:00,https://disclosure.edinet-fsa.go.jp/E01EW/download?1657104040224&uji.bean=ee.bean.parent.EECommonSearchBean&uji.verb=W0EZA104CXP001003Action&SESSIONKEY=1657104039872&s=S100OG5L
第一商品株式会社,2022-06-30 16:13:00,https://disclosure.edinet-fsa.go.jp/E01EW/download?1657104040224&uji.bean=ee.bean.parent.EECommonSearchBean&uji.verb=W0EZA104CXP001003Action&SESSIONKEY=1657104039872&s=S100OLG5
株式会社バルクホールディングス,2022-06-30 16:07:00,https://disclosure.edinet-fsa.go.jp/E01EW/download?1657104040224&uji.bean=ee.bean.parent.EECommonSearchBean&uji.verb=W0EZA104CXP001003Action&SESSIONKEY=1657104039872&s=S100OMS4
株式会社　大利根カントリー倶楽部,2022-06-30 16:05:00,https://disclosure.edinet-fsa.go.jp/E01EW/download?1657104040224&uji.bean=ee.bean.parent.EECommonSearchBean&uji.verb=W0EZA104CXP001003Action&SESSIONKEY=1657104039872&s=S100OISZ
ＶＴホールディングス株式会社,2022-06-30 16:05:00,https://disclosure.edinet-fsa.go.jp/E01EW/download?1657104040224&uji.bean=ee.bean.parent.EECommonSearchBean&uji.verb=W0EZA104CXP001003Action&SESSIONKEY=1657104039872&s=S100OMN5
三谷商事株式会社,2022-06-30 16:01:00,https://disclosure.edinet-fsa.go.jp/E01EW/download?1657104040224&uji.bean=ee.bean.parent.EECommonSearchBean&uji.verb=W0EZA104CXP001003Action&SESSIONKEY=1657104039872&s=S100OL8B
株式会社ＦＲＯＮＴＥＯ,2022-06-30 16:00:00,https://disclosure.edinet-fsa.go.jp/E01EW/download?1657104040224&uji.bean=ee.bean.parent.EECommonSearchBean&uji.verb=W0EZA104CXP001003Action&SESSIONKEY=1657104039872&s=S100OLRJ
株式会社ホープ,2022-06-30 16:00:00,https://disclosure.edinet-fsa.go.jp/E01EW/download?1657104040224&uji.bean=ee.bean.parent.EECommonSearchBean&uji.verb=W0EZA104CXP001003Action&SESSIONKEY=1657104039872&s=S100OKJZ
株式会社ナック,2022-06-30 16:00:00,https://disclosure.edinet-fsa.go.jp/E01EW/download?1657104040225&uji.bean=ee.bean.parent.EECommonSearchBean&uji.verb=W0EZA104CXP001003Action&SESSIONKEY=1657104039872&s=S100OM4N
株式会社伊予銀行,2022-06-30 15:57:00,https://disclosure.edinet-fsa.go.jp/E01EW/download?1657104040225&uji.bean=ee.bean.parent.EECommonSearchBean&uji.verb=W0EZA104CXP001003Action&SESSIONKEY=1657104039872&s=S100OLYJ
株式会社シンクロ・フード,2022-06-30 15:53:00,https://disclosure.edinet-fsa.go.jp/E01EW/download?1657104040225&uji.bean=ee.bean.parent.EECommonSearchBean&uji.verb=W0EZA104CXP001003Action&SESSIONKEY=1657104039872&s=S100OLMR
チエル株式会社,2022-06-30 15:52:00,https://disclosure.edinet-fsa.go.jp/E01EW/download?1657104040225&uji.bean=ee.bean.parent.EECommonSearchBean&uji.verb=W0EZA104CXP001003Action&SESSIONKEY=1657104039872&s=S100OLT0
株式会社ランドコンピュータ,2022-06-30 15:47:00,https://disclosure.edinet-fsa.go.jp/E01EW/download?1657104040225&uji.bean=ee.bean.parent.EECommonSearchBean&uji.verb=W0EZA104CXP001003Action&SESSIONKEY=1657104039872&s=S100OMRA
フランス預金供託公庫,2022-06-30 15:45:00,https://disclosure.edinet-fsa.go.jp/E01EW/download?1657104040225&uji.bean=ee.bean.parent.EECommonSearchBean&uji.verb=W0EZA104CXP001003Action&SESSIONKEY=1657104039872&s=S100OICY
２１ＬＡＤＹ株式会社,2022-06-30 15:42:00,https://disclosure.edinet-fsa.go.jp/E01EW/download?1657104040225&uji.bean=ee.bean.parent.EECommonSearchBean&uji.verb=W0EZA104CXP001003Action&SESSIONKEY=1657104039872&s=S100OMO2
クリアル株式会社,2022-06-30 15:39:00,https://disclosure.edinet-fsa.go.jp/E01EW/download?1657104040225&uji.bean=ee.bean.parent.EECommonSearchBean&uji.verb=W0EZA104CXP001003Action&SESSIONKEY=1657104039872&s=S100OLPA
ブランディングテクノロジー株式会社,2022-06-30 15:38:00,https://disclosure.edinet-fsa.go.jp/E01EW/download?1657104040225&uji.bean=ee.bean.parent.EECommonSearchBean&uji.verb=W0EZA104CXP001003Action&SESSIONKEY=1657104039872&s=S100OJR5
株式会社　サイネックス,2022-06-30 15:38:00,https://disclosure.edinet-fsa.go.jp/E01EW/download?1657104040225&uji.bean=ee.bean.parent.EECommonSearchBean&uji.verb=W0EZA104CXP001003Action&SESSIONKEY=1657104039872&s=S100OM7O
田中建設工業株式会社,2022-06-30 15:37:00,https://disclosure.edinet-fsa.go.jp/E01EW/download?1657104040225&uji.bean=ee.bean.parent.EECommonSearchBean&uji.verb=W0EZA104CXP001003Action&SESSIONKEY=1657104039872&s=S100OMGN
日本板硝子株式会社,2022-06-30 15:35:00,https://disclosure.edinet-fsa.go.jp/E01EW/download?1657104040225&uji.bean=ee.bean.parent.EECommonSearchBean&uji.verb=W0EZA104CXP001003Action&SESSIONKEY=1657104039872&s=S100OLV8
マーチャント・バンカーズ株式会社,2022-06-30 15:35:00,https://disclosure.edinet-fsa.go.jp/E01EW/download?1657104040226&uji.bean=ee.bean.parent.EECommonSearchBean&uji.verb=W0EZA104CXP001003Action&SESSIONKEY=1657104039872&s=S100OKWP
イーティーエフエス・コモディティ・セキュリティーズ・リミテッド,2022-06-30 15:33:00,https://disclosure.edinet-fsa.go.jp/E01EW/download?1657104040226&uji.bean=ee.bean.parent.EECommonSearchBean&uji.verb=W0EZA104CXP001003Action&SESSIONKEY=1657104039872&s=S100OMQ9
ＣＹＢＥＲＤＹＮＥ株式会社,2022-06-30 15:33:00,https://disclosure.edinet-fsa.go.jp/E01EW/download?1657104040226&uji.bean=ee.bean.parent.EECommonSearchBean&uji.verb=W0EZA104CXP001003Action&SESSIONKEY=1657104039872&s=S100OMMW
株式会社アイドママーケティングコミュニケーション,2022-06-30 15:31:00,https://disclosure.edinet-fsa.go.jp/E01EW/download?1657104040226&uji.bean=ee.bean.parent.EECommonSearchBean&uji.verb=W0EZA104CXP001003Action&SESSIONKEY=1657104039872&s=S100OMPW
株式会社ＳＢＩ証券,2022-06-30 15:31:00,https://disclosure.edinet-fsa.go.jp/E01EW/download?1657104040226&uji.bean=ee.bean.parent.EECommonSearchBean&uji.verb=W0EZA104CXP001003Action&SESSIONKEY=1657104039872&s=S100OMLS
株式会社トーハン,2022-06-30 15:30:00,https://disclosure.edinet-fsa.go.jp/E01EW/download?1657104040226&uji.bean=ee.bean.parent.EECommonSearchBean&uji.verb=W0EZA104CXP001003Action&SESSIONKEY=1657104039872&s=S100OMPX
株式会社インフォネット,2022-06-30 15:30:00,https://disclosure.edinet-fsa.go.jp/E01EW/download?1657104040226&uji.bean=ee.bean.parent.EECommonSearchBean&uji.verb=W0EZA104CXP001003Action&SESSIONKEY=1657104039872&s=S100OMLM
株式会社エコノス,2022-06-30 15:30:00,https://disclosure.edinet-fsa.go.jp/E01EW/download?1657104040226&uji.bean=ee.bean.parent.EECommonSearchBean&uji.verb=W0EZA104CXP001003Action&SESSIONKEY=1657104039872&s=S100OHAD
株式会社長栄,2022-06-30 15:26:00,https://disclosure.edinet-fsa.go.jp/E01EW/download?1657104040226&uji.bean=ee.bean.parent.EECommonSearchBean&uji.verb=W0EZA104CXP001003Action&SESSIONKEY=1657104039872&s=S100OL6Y
株式会社サインド,2022-06-30 15:25:00,https://disclosure.edinet-fsa.go.jp/E01EW/download?1657104040226&uji.bean=ee.bean.parent.EECommonSearchBean&uji.verb=W0EZA104CXP001003Action&SESSIONKEY=1657104039872&s=S100OMOD
株式会社キムラタン,2022-06-30 15:25:00,https://disclosure.edinet-fsa.go.jp/E01EW/download?1657104040226&uji.bean=ee.bean.parent.EECommonSearchBean&uji.verb=W0EZA104CXP001003Action&SESSIONKEY=1657104039872&s=S100OKC1
ＨＹＵＧＡ　ＰＲＩＭＡＲＹ　ＣＡＲＥ株式会社,2022-06-30 15:20:00,https://disclosure.edinet-fsa.go.jp/E01EW/download?1657104040227&uji.bean=ee.bean.parent.EECommonSearchBean&uji.verb=W0EZA104CXP001003Action&SESSIONKEY=1657104039872&s=S100OLLD
株式会社ＴＢグループ,2022-06-30 15:18:00,https://disclosure.edinet-fsa.go.jp/E01EW/download?1657104040227&uji.bean=ee.bean.parent.EECommonSearchBean&uji.verb=W0EZA104CXP001003Action&SESSIONKEY=1657104039872&s=S100OMM5
株式会社西日本新聞社,2022-06-30 15:18:00,https://disclosure.edinet-fsa.go.jp/E01EW/download?1657104040227&uji.bean=ee.bean.parent.EECommonSearchBean&uji.verb=W0EZA104CXP001003Action&SESSIONKEY=1657104039872&s=S100OLBK
株式会社アスモ,2022-06-30 15:15:00,https://disclosure.edinet-fsa.go.jp/E01EW/download?1657104040227&uji.bean=ee.bean.parent.EECommonSearchBean&uji.verb=W0EZA104CXP001003Action&SESSIONKEY=1657104039872&s=S100OMMY
株式会社メルコホールディングス,2022-06-30 15:15:00,https://disclosure.edinet-fsa.go.jp/E01EW/download?1657104040227&uji.bean=ee.bean.parent.EECommonSearchBean&uji.verb=W0EZA104CXP001003Action&SESSIONKEY=1657104039872&s=S100OLFE
サンテック株式会社,2022-06-30 15:13:00,https://disclosure.edinet-fsa.go.jp/E01EW/download?1657104040227&uji.bean=ee.bean.parent.EECommonSearchBean&uji.verb=W0EZA104CXP001003Action&SESSIONKEY=1657104039872&s=S100OL8Z
株式会社ゼネラル・オイスター,2022-06-30 15:13:00,https://disclosure.edinet-fsa.go.jp/E01EW/download?1657104040227&uji.bean=ee.bean.parent.EECommonSearchBean&uji.verb=W0EZA104CXP001003Action&SESSIONKEY=1657104039872&s=S100OHOH
クルーズ株式会社,2022-06-30 15:12:00,https://disclosure.edinet-fsa.go.jp/E01EW/download?1657104040227&uji.bean=ee.bean.parent.EECommonSearchBean&uji.verb=W0EZA104CXP001003Action&SESSIONKEY=1657104039872&s=S100OLSG
株式会社ヌーラボ,2022-06-30 15:10:00,https://disclosure.edinet-fsa.go.jp/E01EW/download?1657104040227&uji.bean=ee.bean.parent.EECommonSearchBean&uji.verb=W0EZA104CXP001003Action&SESSIONKEY=1657104039872&s=S100OLGF
オイレス工業株式会社,2022-06-30 15:10:00,https://disclosure.edinet-fsa.go.jp/E01EW/download?1657104040227&uji.bean=ee.bean.parent.EECommonSearchBean&uji.verb=W0EZA104CXP001003Action&SESSIONKEY=1657104039872&s=S100OL9Y
アンデス開発公社,2022-06-30 15:05:00,https://disclosure.edinet-fsa.go.jp/E01EW/download?1657104040228&uji.bean=ee.bean.parent.EECommonSearchBean&uji.verb=W0EZA104CXP001003Action&SESSIONKEY=1657104039872&s=S100OJT3
長野計器株式会社,2022-06-30 15:04:00,https://disclosure.edinet-fsa.go.jp/E01EW/download?1657104040228&uji.bean=ee.bean.parent.EECommonSearchBean&uji.verb=W0EZA104CXP001003Action&SESSIONKEY=1657104039872&s=S100OMFO
ジャナス・セレクション,2022-06-30 15:04:00,https://disclosure.edinet-fsa.go.jp/E01EW/download?1657104040228&uji.bean=ee.bean.parent.EECommonSearchBean&uji.verb=W0EZA104CXP001003Action&SESSIONKEY=1657104039872&s=S100O6TM
株式会社ソフトフロントホールディングス,2022-06-30 15:02:00,https://disclosure.edinet-fsa.go.jp/E01EW/download?1657104040228&uji.bean=ee.bean.parent.EECommonSearchBean&uji.verb=W0EZA104CXP001003Action&SESSIONKEY=1657104039872&s=S100OMIQ
株式会社ミダックホールディングス,2022-06-30 15:01:00,https://disclosure.edinet-fsa.go.jp/E01EW/download?1657104040228&uji.bean=ee.bean.parent.EECommonSearchBean&uji.verb=W0EZA104CXP001003Action&SESSIONKEY=1657104039872&s=S100OLY2
ケープ・チャイナ・ファンド,2022-06-30 15:00:00,https://disclosure.edinet-fsa.go.jp/E01EW/download?1657104040228&uji.bean=ee.bean.parent.EECommonSearchBean&uji.verb=W0EZA104CXP001003Action&SESSIONKEY=1657104039872&s=S100OLDY
ヤマイチ・ユニハイムエステート株式会社,2022-06-30 15:00:00,https://disclosure.edinet-fsa.go.jp/E01EW/download?1657104040228&uji.bean=ee.bean.parent.EECommonSearchBean&uji.verb=W0EZA104CXP001003Action&SESSIONKEY=1657104039872&s=S100OLWO
株式会社博展,2022-06-30 15:00:00,https://disclosure.edinet-fsa.go.jp/E01EW/download?1657104040229&uji.bean=ee.bean.parent.EECommonSearchBean&uji.verb=W0EZA104CXP001003Action&SESSIONKEY=1657104039872&s=S100OLPK
沖縄電力株式会社,2022-06-30 14:58:00,https://disclosure.edinet-fsa.go.jp/E01EW/download?1657104040229&uji.bean=ee.bean.parent.EECommonSearchBean&uji.verb=W0EZA104CXP001003Action&SESSIONKEY=1657104039872&s=S100OLW4
株式会社バローホールディングス,2022-06-30 14:52:00,https://disclosure.edinet-fsa.go.jp/E01EW/download?1657104040229&uji.bean=ee.bean.parent.EECommonSearchBean&uji.verb=W0EZA104CXP001003Action&SESSIONKEY=1657104039872&s=S100OGOL
北海道中央バス株式会社,2022-06-30 14:52:00,https://disclosure.edinet-fsa.go.jp/E01EW/download?1657104040229&uji.bean=ee.bean.parent.EECommonSearchBean&uji.verb=W0EZA104CXP001003Action&SESSIONKEY=1657104039872&s=S100OMJY
モルガン・スタンレーＭＵＦＧ証券株式会社,2022-06-30 14:51:00,https://disclosure.edinet-fsa.go.jp/E01EW/download?1657104040229&uji.bean=ee.bean.parent.EECommonSearchBean&uji.verb=W0EZA104CXP001003Action&SESSIONKEY=1657104039872&s=S100OBMR
小倉クラッチ株式会社,2022-06-30 14:49:00,https://disclosure.edinet-fsa.go.jp/E01EW/download?1657104040230&uji.bean=ee.bean.parent.EECommonSearchBean&uji.verb=W0EZA104CXP001003Action&SESSIONKEY=1657104039872&s=S100OM4R
ＮＫＫスイッチズ株式会社,2022-06-30 14:47:00,https://disclosure.edinet-fsa.go.jp/E01EW/download?1657104040230&uji.bean=ee.bean.parent.EECommonSearchBean&uji.verb=W0EZA104CXP001003Action&SESSIONKEY=1657104039872&s=S100OM0G
バラック・ファンドＳＰＣリミテッド－バラック・ストラクチャード・トレード・ファイナンス・セグリゲーテッド・ポートフォリオ,2022-06-30 14:44:00,https://disclosure.edinet-fsa.go.jp/E01EW/download?1657104040230&uji.bean=ee.bean.parent.EECommonSearchBean&uji.verb=W0EZA104CXP001003Action&SESSIONKEY=1657104039872&s=S100OK45
ＵＢＳ（Ｌｕｘ）ファンド・ソリューションズ・シキャブ,2022-06-30 14:43:00,https://disclosure.edinet-fsa.go.jp/E01EW/download?1657104040230&uji.bean=ee.bean.parent.EECommonSearchBean&uji.verb=W0EZA104CXP001003Action&SESSIONKEY=1657104039872&s=S100OKO8
ログリー株式会社,2022-06-30 14:37:00,https://disclosure.edinet-fsa.go.jp/E01EW/download?1657104040230&uji.bean=ee.bean.parent.EECommonSearchBean&uji.verb=W0EZA104CXP001003Action&SESSIONKEY=1657104039872&s=S100OMLA
相鉄ホールディングス株式会社,2022-06-30 14:35:00,https://disclosure.edinet-fsa.go.jp/E01EW/download?1657104040230&uji.bean=ee.bean.parent.EECommonSearchBean&uji.verb=W0EZA104CXP001003Action&SESSIONKEY=1657104039872&s=S100OGVM
富士紡ホールディングス株式会社,2022-06-30 14:34:00,https://disclosure.edinet-fsa.go.jp/E01EW/download?1657104040230&uji.bean=ee.bean.parent.EECommonSearchBean&uji.verb=W0EZA104CXP001003Action&SESSIONKEY=1657104039872&s=S100OJAL
株式会社星医療酸器,2022-06-30 14:33:00,https://disclosure.edinet-fsa.go.jp/E01EW/download?1657104040230&uji.bean=ee.bean.parent.EECommonSearchBean&uji.verb=W0EZA104CXP001003Action&SESSIONKEY=1657104039872&s=S100OMK1
コスコ・シッピング・ディベロップメント・カンパニー・リミテッド,2022-06-30 14:32:00,https://disclosure.edinet-fsa.go.jp/E01EW/download?1657104040231&uji.bean=ee.bean.parent.EECommonSearchBean&uji.verb=W0EZA104CXP001003Action&SESSIONKEY=1657104039872&s=S100OKM9
フジテック株式会社,2022-06-30 14:32:00,https://disclosure.edinet-fsa.go.jp/E01EW/download?1657104040231&uji.bean=ee.bean.parent.EECommonSearchBean&uji.verb=W0EZA104CXP001003Action&SESSIONKEY=1657104039872&s=S100OMHF
桃太郎源株式会社,2022-06-30 14:29:00,https://disclosure.edinet-fsa.go.jp/E01EW/download?1657104040231&uji.bean=ee.bean.parent.EECommonSearchBean&uji.verb=W0EZA104CXP001003Action&SESSIONKEY=1657104039872&s=S100OLWF
株式会社大阪ソーダ,2022-06-30 14:22:00,https://disclosure.edinet-fsa.go.jp/E01EW/download?1657104040231&uji.bean=ee.bean.parent.EECommonSearchBean&uji.verb=W0EZA104CXP001003Action&SESSIONKEY=1657104039872&s=S100OKCQ
越後交通株式会社,2022-06-30 14:18:00,https://disclosure.edinet-fsa.go.jp/E01EW/download?1657104040235&uji.bean=ee.bean.parent.EECommonSearchBean&uji.verb=W0EZA104CXP001003Action&SESSIONKEY=1657104039872&s=S100OMJQ
株式会社フェローテックホールディングス,2022-06-30 14:15:00,https://disclosure.edinet-fsa.go.jp/E01EW/download?1657104040235&uji.bean=ee.bean.parent.EECommonSearchBean&uji.verb=W0EZA104CXP001003Action&SESSIONKEY=1657104039872&s=S100OM0E
スーパーファンド・ジャパン,2022-06-30 14:15:00,https://disclosure.edinet-fsa.go.jp/E01EW/download?1657104040235&uji.bean=ee.bean.parent.EECommonSearchBean&uji.verb=W0EZA104CXP001003Action&SESSIONKEY=1657104039872&s=S100OKOB
五洋インテックス株式会社,2022-06-30 14:12:00,https://disclosure.edinet-fsa.go.jp/E01EW/download?1657104040236&uji.bean=ee.bean.parent.EECommonSearchBean&uji.verb=W0EZA104CXP001003Action&SESSIONKEY=1657104039872&s=S100OMJ8
